attack,Exact Match,F1 Score,BLEU Score,Avg Grammatical Errors,Sample Size
No Attack,0.6917566026652539,0.8475391055390096,0.18070631510520044,0.011022678844979901,86821
AddAny,0.6669217749650452,0.8458035280227141,0.16835092927969453,0.029155934947383912,67945
AddSent,0.667142541761719,0.8437430128709541,0.1678485511228276,0.03304143056884245,67945
CEIA,0.7893484239475355,0.8882826395173515,0.14035280560045973,0.021102178971863762,56724
DPAEG,0.635003473273605,0.7325791491835506,0.11084981686721243,0.031562260655825305,56143
TextFooler,0.3699471950838071,0.45081068893301,0.061804264123141085,0.034921160604220715,54351
