,Exact Match,F1 Score,BLEU Score,Avg Grammatical Errors,Sample Size
No Attack,6.910770435724076e-05,0.020572318579521996,0.003586023656983772,-0.09422835489109778,86821
