,Exact Match,F1 Score,BLEU Score,Avg Grammatical Errors,Sample Size
No Attack,0.8121191877541147,0.8947772911474375,0.22851764423765877,0.027424240679098374,86821
