,Exact Match,F1 Score,BLEU Score,Avg Grammatical Errors,Sample Size
No Attack,0.0,0.03494744248046811,0.006323220840012152,1.2473364738945647,86821
