attack,Exact Match,F1 Score,BLEU Score,Avg Grammatical Errors,Sample Size
No Attack,0.8121191877541147,0.8947772911474375,0.22851764423765877,0.027424240679098374,86821
AddAny,0.809581278975642,0.887708322952714,0.21283876738884092,0.03779527559055118,67945
AddSent,0.805430863198175,0.8844603651264161,0.21086717749624076,0.03711825741408492,67945
CEIA,0.9022459629081165,0.9192266165820054,0.17151263001095565,0.029634722516042593,56724
DPAEG,0.7550718700461322,0.7916772098759658,0.14224904305158412,0.08451632438594305,56143
TextFooler,0.46602638405917096,0.5300600266041443,0.08459739818270316,0.18798182186160328,54351
