,Exact Match,F1 Score,BLEU Score,Avg Grammatical Errors,Sample Size
No Attack,1.1517950726206793e-05,0.024154382528890905,0.004005284108786294,0.23063544534156483,86821
