attack,Exact Match,F1 Score,BLEU Score,Avg Grammatical Errors,Sample Size
No Attack,0.04896280853710508,0.8434036899764924,0.16399294570451592,0.009007037467893712,86821
AddAny,0.05394068732062698,0.8492267252870627,0.15722373296913836,0.005401427625285157,67945
AddSent,0.05369048495106336,0.8413402626344374,0.15419766661235657,0.006269777025535359,67945
CEIA,0.02649672096467104,0.8620666212172634,0.12299700767881132,0.002044989775051125,56724
DPAEG,0.021694601286001817,0.7380670644967877,0.10211398439730526,0.006999982188340487,56143
TextFooler,0.013394417766002465,0.4924565935094415,0.06483543328726252,0.011591323066732903,54351
