,Exact Match,F1 Score,BLEU Score,Avg Grammatical Errors,Sample Size
No Attack,0.6917566026652539,0.8475391055390096,0.18070631510520044,0.011022678844979901,86821
