attack,Exact Match,F1 Score,BLEU Score,Avg Grammatical Errors,Sample Size
No Attack,6.910770435724076e-05,0.020572318579521996,0.003586023656983772,-0.09422835489109778,86821
AddAny,0.0,0.034222947644290104,0.0060990080618335335,1.4320994922363677,67945
AddSent,1.4717786444918684e-05,0.03191803235475524,0.0057897749614354635,0.7135330046361027,67945
CEIA,7.051688879486637e-05,0.028386760879706766,0.0040579994761100946,0.710810239052253,56724
DPAEG,5.3434978536950285e-05,0.02800864396214491,0.0039032054750860246,0.7011203533833247,56143
TextFooler,3.679785100550128e-05,0.027409513435851296,0.0036551669794070408,0.7868668469761366,54351
