,Exact Match,F1 Score,BLEU Score,Avg Grammatical Errors,Sample Size
No Attack,0.04896280853710508,0.8434036899764924,0.16399294570451592,0.009007037467893712,86821
